{
  "model_path": ".",
  "device": "cpu",
  "dtype": "torch.float32",
  "num_experts": 16,
  "num_layers": 32,
  "prompts": [
    {
      "prompt": "What is the meaning of life?",
      "runs": [
        {
          "total_time_s": 10.637101650238037,
          "prefill_time_s": 3.191130495071411,
          "decode_time_s": 7.445971155166625,
          "prompt_tokens": 7,
          "generated_tokens": 100,
          "total_tokens": 107,
          "tokens_per_second": 10.059131097765297,
          "prefill_tokens_per_second": 2.1935799901668873,
          "decode_tokens_per_second": 13.43008157245033,
          "peak_memory_mb": 14878.25,
          "expert_selections": {}
        },
        {
          "total_time_s": 10.887141227722168,
          "prefill_time_s": 3.2661423683166504,
          "decode_time_s": 7.620998859405517,
          "prompt_tokens": 7,
          "generated_tokens": 100,
          "total_tokens": 107,
          "tokens_per_second": 9.828108018617737,
          "prefill_tokens_per_second": 2.14320112555527,
          "decode_tokens_per_second": 13.12163954421594,
          "peak_memory_mb": 14878.25,
          "expert_selections": {}
        },
        {
          "total_time_s": 9.477145910263062,
          "prefill_time_s": 2.843143773078918,
          "decode_time_s": 6.634002137184143,
          "prompt_tokens": 7,
          "generated_tokens": 87,
          "total_tokens": 94,
          "tokens_per_second": 9.918597950275812,
          "prefill_tokens_per_second": 2.46206332099045,
          "decode_tokens_per_second": 13.114255648540968,
          "peak_memory_mb": 14879.7734375,
          "expert_selections": {}
        }
      ],
      "average": {
        "total_time_s": 10.333796262741089,
        "total_time_s_std": 0.6142840371129397,
        "prefill_time_s": 3.1001388788223263,
        "prefill_time_s_std": 0.18428521113388202,
        "decode_time_s": 7.233657383918762,
        "decode_time_s_std": 0.4299988259790575,
        "tokens_per_second": 9.935279022219616,
        "tokens_per_second_std": 0.0950494937584299,
        "prefill_tokens_per_second": 2.2662814789042023,
        "prefill_tokens_per_second_std": 0.1399581003203034,
        "decode_tokens_per_second": 13.22199225506908,
        "decode_tokens_per_second_std": 0.1471722425934566,
        "prompt_tokens": 7.0,
        "prompt_tokens_std": 0.0,
        "generated_tokens": 95.66666666666667,
        "generated_tokens_std": 6.128258770283412,
        "total_tokens": 102.66666666666667,
        "total_tokens_std": 6.128258770283412,
        "peak_memory_mb": 14878.7578125,
        "peak_memory_mb_std": 0.7181553246425874
      }
    },
    {
      "prompt": "Explain quantum computing in simple terms.",
      "runs": [
        {
          "total_time_s": 10.516889572143555,
          "prefill_time_s": 3.1550668716430663,
          "decode_time_s": 7.361822700500488,
          "prompt_tokens": 8,
          "generated_tokens": 100,
          "total_tokens": 108,
          "tokens_per_second": 10.269195968935843,
          "prefill_tokens_per_second": 2.5356039429471218,
          "decode_tokens_per_second": 13.58359255150244,
          "peak_memory_mb": 14879.7734375,
          "expert_selections": {}
        },
        {
          "total_time_s": 10.907686710357666,
          "prefill_time_s": 3.2723060131072996,
          "decode_time_s": 7.6353806972503655,
          "prompt_tokens": 8,
          "generated_tokens": 100,
          "total_tokens": 108,
          "tokens_per_second": 9.901274474398491,
          "prefill_tokens_per_second": 2.444759129481109,
          "decode_tokens_per_second": 13.096923907934512,
          "peak_memory_mb": 14879.7734375,
          "expert_selections": {}
        },
        {
          "total_time_s": 10.915410280227661,
          "prefill_time_s": 3.274623084068298,
          "decode_time_s": 7.640787196159362,
          "prompt_tokens": 8,
          "generated_tokens": 100,
          "total_tokens": 108,
          "tokens_per_second": 9.89426849081732,
          "prefill_tokens_per_second": 2.443029256991931,
          "decode_tokens_per_second": 13.087656733885344,
          "peak_memory_mb": 14879.7734375,
          "expert_selections": {}
        }
      ],
      "average": {
        "total_time_s": 10.779995520909628,
        "total_time_s_std": 0.1860707187961172,
        "prefill_time_s": 3.233998656272888,
        "prefill_time_s_std": 0.05582121563883512,
        "decode_time_s": 7.545996864636739,
        "decode_time_s_std": 0.13024950315728187,
        "tokens_per_second": 10.02157964471722,
        "tokens_per_second_std": 0.17511454149811484,
        "prefill_tokens_per_second": 2.474464109806721,
        "prefill_tokens_per_second_std": 0.04323815839459619,
        "decode_tokens_per_second": 13.256057731107433,
        "decode_tokens_per_second_std": 0.23163299139962312,
        "prompt_tokens": 8.0,
        "prompt_tokens_std": 0.0,
        "generated_tokens": 100.0,
        "generated_tokens_std": 0.0,
        "total_tokens": 108.0,
        "total_tokens_std": 0.0,
        "peak_memory_mb": 14879.7734375,
        "peak_memory_mb_std": 0.0
      }
    },
    {
      "prompt": "Write a short poem about artificial intelligence.",
      "runs": [
        {
          "total_time_s": 10.68263030052185,
          "prefill_time_s": 3.204789090156555,
          "decode_time_s": 7.477841210365295,
          "prompt_tokens": 8,
          "generated_tokens": 100,
          "total_tokens": 108,
          "tokens_per_second": 10.109869663347252,
          "prefill_tokens_per_second": 2.496264114406729,
          "decode_tokens_per_second": 13.372843470036049,
          "peak_memory_mb": 14879.7734375,
          "expert_selections": {}
        },
        {
          "total_time_s": 10.227156162261963,
          "prefill_time_s": 3.068146848678589,
          "decode_time_s": 7.159009313583374,
          "prompt_tokens": 8,
          "generated_tokens": 100,
          "total_tokens": 108,
          "tokens_per_second": 10.560120358630899,
          "prefill_tokens_per_second": 2.607437125587876,
          "decode_tokens_per_second": 13.968413172792195,
          "peak_memory_mb": 14879.7734375,
          "expert_selections": {}
        },
        {
          "total_time_s": 10.572330713272095,
          "prefill_time_s": 3.1716992139816282,
          "decode_time_s": 7.400631499290466,
          "prompt_tokens": 8,
          "generated_tokens": 100,
          "total_tokens": 108,
          "tokens_per_second": 10.215344461786556,
          "prefill_tokens_per_second": 2.522307274515199,
          "decode_tokens_per_second": 13.512360399188568,
          "peak_memory_mb": 14879.7734375,
          "expert_selections": {}
        }
      ],
      "average": {
        "total_time_s": 10.494039058685303,
        "total_time_s_std": 0.1940126457035726,
        "prefill_time_s": 3.148211717605591,
        "prefill_time_s_std": 0.05820379371107174,
        "decode_time_s": 7.345827341079712,
        "decode_time_s_std": 0.13580885199250067,
        "tokens_per_second": 10.295111494588236,
        "tokens_per_second_std": 0.19227325484379418,
        "prefill_tokens_per_second": 2.542002838169935,
        "prefill_tokens_per_second_std": 0.04747487773920835,
        "decode_tokens_per_second": 13.617872347338936,
        "decode_tokens_per_second_std": 0.25432970217433076,
        "prompt_tokens": 8.0,
        "prompt_tokens_std": 0.0,
        "generated_tokens": 100.0,
        "generated_tokens_std": 0.0,
        "total_tokens": 108.0,
        "total_tokens_std": 0.0,
        "peak_memory_mb": 14879.7734375,
        "peak_memory_mb_std": 0.0
      }
    }
  ],
  "overall_average": {
    "total_time_s": 10.535943614112007,
    "total_time_s_std": 0.4288702111289291,
    "prefill_time_s": 3.1607830842336018,
    "prefill_time_s_std": 0.12866106333867874,
    "decode_time_s": 7.3751605298784035,